{
  "Zimbabwe": [
    29.848751219972588,
    -19.00204198037272
  ],
  "Zambia": [
    27.776971969298756,
    -13.45145830638717
  ],
  "Yemen": [
    47.57468785140321,
    15.903567322883456
  ],
  "Vietnam": [
    106.21079262352914,
    16.61764194598467
  ],
  "Venezuela": [
    -66.1639888621677,
    7.119936934051097
  ],
  "Holy See": [
    12.432839209661644,
    41.89954311826651
  ],
  "Vanuatu": [
    167.6462227915567,
    -16.204234974673046
  ],
  "Uzbekistan": [
    63.186624927702724,
    41.72640288979742
  ],
  "Uruguay": [
    -56.013841187554625,
    -32.79482018680268
  ],
  "Federated States of Micronesia": [
    153.937120155633,
    7.38569098943211
  ],
  "Marshall Islands": [
    170.7010572096834,
    6.57415425360947
  ],
  "Northern Mariana Islands": [
    145.616244189125,
    15.823978370030868
  ],
  "United States Virgin Islands": [
    -64.80337294477997,
    17.919040924916125
  ],
  "Guam": [
    144.76682564637514,
    13.441988893166382
  ],
  "American Samoa": [
    -170.71824382307767,
    -14.303736834135114
  ],
  "Puerto Rico": [
    -66.47687318674537,
    18.231479363323324
  ],
  "US": [
    -106.89950871156958,
    43.98001853928425
  ],
  "South Georgia and the South Sandwich Islands": [
    -36.49686150185662,
    -54.43848035054309
  ],
  "British Indian Ocean Territory": [
    72.44473251647375,
    -7.332986840986143
  ],
  "Saint Helena": [
    -9.059803793352396,
    -12.866162001570412
  ],
  "Pitcairn Islands": [
    -128.3203130143883,
    -24.36401907317368
  ],
  "Anguilla": [
    -63.0500818273805,
    18.22650270610775
  ],
  "Falkland Islands": [
    -59.35324787731237,
    -51.745965464135075
  ],
  "Cayman Islands": [
    -80.98541146579198,
    19.408702306895
  ],
  "Bermuda": [
    -64.7638599134396,
    32.30809851853315
  ],
  "British Virgin Islands": [
    -64.47004765542052,
    18.515972615551913
  ],
  "Turks and Caicos Islands": [
    -71.96497908880212,
    21.834606951534738
  ],
  "Montserrat": [
    -62.18239271089804,
    16.73292203998806
  ],
  "Jersey": [
    -2.1324092492742226,
    49.2141378629969
  ],
  "Guernsey": [
    -2.5667521419661288,
    49.45875748326931
  ],
  "Isle of Man": [
    -4.543140660101198,
    54.2165859649657
  ],
  "United Kingdom": [
    -2.8086641705332336,
    54.03085760949428
  ],
  "United Arab Emirates": [
    54.30050419039606,
    23.90618088457875
  ],
  "Ukraine": [
    34.34987005785855,
    45.30819816768088
  ],
  "Uganda": [
    32.36737712641132,
    1.275016053812507
  ],
  "Turkmenistan": [
    59.385623371319454,
    39.097466519026234
  ],
  "Turkey": [
    35.167445683913805,
    39.048773722580115
  ],
  "Tunisia": [
    9.552709329260301,
    34.105983720003046
  ],
  "Trinidad and Tobago": [
    -61.2701442008805,
    10.453802710369397
  ],
  "Tonga": [
    -174.84827859082048,
    -20.497166591353665
  ],
  "Togo": [
    0.9621960306168929,
    8.524342438176403
  ],
  "Timor-Leste": [
    125.84910871802062,
    -8.827511321171624
  ],
  "Thailand": [
    100.9474240510864,
    15.102783592535802
  ],
  "Tanzania": [
    34.80186392985335,
    -6.271969235971612
  ],
  "Tajikistan": [
    71.01447304342884,
    38.52447700406429
  ],
  "Taiwan*": [
    120.94905064156634,
    23.754698344411526
  ],
  "Syria": [
    38.498677976504766,
    35.018266592908326
  ],
  "Switzerland": [
    8.20656273476237,
    46.79660838572424
  ],
  "Sweden": [
    16.523042813062972,
    62.50590202700283
  ],
  "Eswatini": [
    31.487245954476755,
    -26.56051242010324
  ],
  "Suriname": [
    -55.91093392474939,
    4.128533706898318
  ],
  "South Sudan": [
    30.246911333941608,
    7.307565602613291
  ],
  "Sudan": [
    29.91301783369149,
    15.97446459906755
  ],
  "Sri Lanka": [
    80.6965638733783,
    7.608908930771674
  ],
  "Spain": [
    -3.6627884908979946,
    40.208455521857765
  ],
  "Korea, South": [
    127.8244254644802,
    36.38206704937296
  ],
  "South Africa": [
    25.095334988796157,
    -28.975251529973807
  ],
  "Somalia": [
    45.82553491850097,
    6.06109896792297
  ],
  "Solomon Islands": [
    159.6274253958705,
    -8.91384944868039
  ],
  "Slovakia": [
    19.481485708346916,
    48.70571426186683
  ],
  "Slovenia": [
    14.799280031485228,
    46.11372630021167
  ],
  "Singapore": [
    103.81495612675943,
    1.35809980206297
  ],
  "Sierra Leone": [
    -11.793002534990364,
    8.562638703225376
  ],
  "Seychelles": [
    55.47557083162795,
    -4.658968697444208
  ],
  "Serbia": [
    20.79574138842413,
    44.216053591940835
  ],
  "Senegal": [
    -14.47336778240721,
    14.364516206037953
  ],
  "Saudi Arabia": [
    44.5344616179744,
    24.092713254082078
  ],
  "São Tomé and Príncipe": [
    6.7108966105831875,
    0.41359116199938967
  ],
  "San Marino": [
    12.454555306251782,
    43.9406795131418
  ],
  "Samoa": [
    -172.16793723236015,
    -13.751621165207071
  ],
  "Saint Vincent and the Grenadines": [
    -61.20034485394427,
    13.23221758801016
  ],
  "Saint Lucia": [
    -60.97126053800741,
    13.886917196071645
  ],
  "Saint Kitts and Nevis": [
    -62.68955177443023,
    17.26743098112746
  ],
  "Rwanda": [
    29.913625520249123,
    -1.98855317515238
  ],
  "Russia": [
    95.1040377443836,
    60.87814879419586
  ],
  "Romania": [
    24.97506333702654,
    45.83834573816871
  ],
  "Qatar": [
    51.18169221985145,
    25.307867851605423
  ],
  "Portugal": [
    -8.482973578526366,
    39.5815451719565
  ],
  "Poland": [
    19.40008655566014,
    52.10076033905203
  ],
  "Philippines": [
    122.81305449673447,
    11.759676238978575
  ],
  "Peru": [
    -74.33212363956997,
    -9.13704683594054
  ],
  "Paraguay": [
    -58.40117430355395,
    -23.21844795147992
  ],
  "Papua New Guinea": [
    145.18298655086073,
    -6.463551701939341
  ],
  "Panama": [
    -80.11564711499689,
    8.5191419894731
  ],
  "Palau": [
    134.48847361013574,
    7.395340519726701
  ],
  "Pakistan": [
    69.21205426032017,
    29.91210636954993
  ],
  "Oman": [
    56.078128128054274,
    20.595474569266035
  ],
  "Norway": [
    14.145938549027425,
    67.10298668325346
  ],
  "North Korea": [
    127.159367098387,
    40.14209228630163
  ],
  "Nigeria": [
    8.08391154483652,
    9.590336848121613
  ],
  "Niger": [
    9.36726710944514,
    17.407009927961195
  ],
  "Nicaragua": [
    -85.02725333143488,
    12.84596678380848
  ],
  "New Zealand": [
    171.4771985756167,
    -41.722748682654945
  ],
  "Niue": [
    -169.87566407445928,
    -19.052398319443082
  ],
  "Cook Islands": [
    -159.79102765036905,
    -21.22145801306303
  ],
  "Netherlands": [
    5.18242588415728,
    52.065283433575
  ],
  "Aruba": [
    -69.98631973634076,
    12.514312281457999
  ],
  "Curaçao": [
    -68.97195178392063,
    12.195571558440676
  ],
  "Nepal": [
    83.92189064785848,
    28.246429863838767
  ],
  "Nauru": [
    166.93552088788448,
    -0.5204958799695539
  ],
  "Namibia": [
    17.198973302591764,
    -22.10876204659538
  ],
  "Mozambique": [
    35.52978248708194,
    -17.249590306573786
  ],
  "Morocco": [
    -8.529069292085829,
    29.797318369917825
  ],
  "Western Sahara": [
    -12.232542294889628,
    24.220748855303995
  ],
  "Montenegro": [
    19.243943542297266,
    42.78675350902716
  ],
  "Mongolia": [
    103.05147455354339,
    46.77287404891516
  ],
  "Moldova": [
    28.457432691505335,
    47.19162621860093
  ],
  "Monaco": [
    7.402871918970229,
    43.7494441586742
  ],
  "Mexico": [
    -102.29536168413745,
    23.902271119827134
  ],
  "Mauritius": [
    57.57484557805424,
    -20.274364582818652
  ],
  "Mauritania": [
    -10.351917132743676,
    20.239835165404166
  ],
  "Malta": [
    14.40801257592849,
    35.91739673096676
  ],
  "Mali": [
    -3.5527746343387685,
    17.32760487254389
  ],
  "Maldives": [
    73.46280927898846,
    3.811695854163459
  ],
  "Malaysia": [
    109.6906427047743,
    3.7884615183607067
  ],